1,/root/openface/aligned-images/Adrien Brody/53.png
1,/root/openface/aligned-images/Adrien Brody/40.png
1,/root/openface/aligned-images/Adrien Brody/104.png
1,/root/openface/aligned-images/Adrien Brody/75.png
1,/root/openface/aligned-images/Adrien Brody/33.png
1,/root/openface/aligned-images/Adrien Brody/56.png
1,/root/openface/aligned-images/Adrien Brody/78.png
1,/root/openface/aligned-images/Adrien Brody/60.png
1,/root/openface/aligned-images/Adrien Brody/8.png
1,/root/openface/aligned-images/Adrien Brody/96.png
1,/root/openface/aligned-images/Adrien Brody/61.png
1,/root/openface/aligned-images/Adrien Brody/62.png
1,/root/openface/aligned-images/Adrien Brody/25.png
1,/root/openface/aligned-images/Adrien Brody/11.png
1,/root/openface/aligned-images/Adrien Brody/17.png
1,/root/openface/aligned-images/Adrien Brody/102.png
1,/root/openface/aligned-images/Adrien Brody/1.png
1,/root/openface/aligned-images/Adrien Brody/70.png
1,/root/openface/aligned-images/Adrien Brody/7.png
1,/root/openface/aligned-images/Adrien Brody/73.png
1,/root/openface/aligned-images/Adrien Brody/34.png
1,/root/openface/aligned-images/Adrien Brody/51.png
1,/root/openface/aligned-images/Adrien Brody/14.png
1,/root/openface/aligned-images/Adrien Brody/2.png
1,/root/openface/aligned-images/Adrien Brody/66.png
1,/root/openface/aligned-images/Adrien Brody/38.png
1,/root/openface/aligned-images/Adrien Brody/43.png
1,/root/openface/aligned-images/Adrien Brody/37.png
1,/root/openface/aligned-images/Adrien Brody/98.png
1,/root/openface/aligned-images/Adrien Brody/55.png
1,/root/openface/aligned-images/Adrien Brody/54.png
1,/root/openface/aligned-images/Adrien Brody/35.png
1,/root/openface/aligned-images/Adrien Brody/13.png
1,/root/openface/aligned-images/Adrien Brody/95.png
1,/root/openface/aligned-images/Adrien Brody/89.png
1,/root/openface/aligned-images/Adrien Brody/32.png
1,/root/openface/aligned-images/Adrien Brody/6.png
1,/root/openface/aligned-images/Adrien Brody/49.png
1,/root/openface/aligned-images/Adrien Brody/31.png
1,/root/openface/aligned-images/Adrien Brody/30.png
1,/root/openface/aligned-images/Adrien Brody/90.png
1,/root/openface/aligned-images/Adrien Brody/9.png
1,/root/openface/aligned-images/Adrien Brody/47.png
1,/root/openface/aligned-images/Adrien Brody/99.png
1,/root/openface/aligned-images/Adrien Brody/72.png
1,/root/openface/aligned-images/Adrien Brody/65.png
1,/root/openface/aligned-images/Adrien Brody/81.png
1,/root/openface/aligned-images/Adrien Brody/58.png
1,/root/openface/aligned-images/Adrien Brody/52.png
1,/root/openface/aligned-images/Adrien Brody/77.png
1,/root/openface/aligned-images/Adrien Brody/97.png
1,/root/openface/aligned-images/Adrien Brody/12.png
1,/root/openface/aligned-images/Adrien Brody/3.png
1,/root/openface/aligned-images/Adrien Brody/85.png
2,/root/openface/aligned-images/Barack Obama/37.png
2,/root/openface/aligned-images/Barack Obama/1046.png
2,/root/openface/aligned-images/Barack Obama/795.png
2,/root/openface/aligned-images/Barack Obama/1772.png
2,/root/openface/aligned-images/Barack Obama/696.png
2,/root/openface/aligned-images/Barack Obama/1793.png
2,/root/openface/aligned-images/Barack Obama/130.png
2,/root/openface/aligned-images/Barack Obama/1058.png
2,/root/openface/aligned-images/Barack Obama/1927.png
2,/root/openface/aligned-images/Barack Obama/1553.png
2,/root/openface/aligned-images/Barack Obama/350.png
2,/root/openface/aligned-images/Barack Obama/1123.png
2,/root/openface/aligned-images/Barack Obama/665.png
2,/root/openface/aligned-images/Barack Obama/337.png
2,/root/openface/aligned-images/Barack Obama/911.png
2,/root/openface/aligned-images/Barack Obama/104.png
2,/root/openface/aligned-images/Barack Obama/1727.png
2,/root/openface/aligned-images/Barack Obama/1485.png
2,/root/openface/aligned-images/Barack Obama/1377.png
2,/root/openface/aligned-images/Barack Obama/541.png
2,/root/openface/aligned-images/Barack Obama/276.png
2,/root/openface/aligned-images/Barack Obama/1929.png
2,/root/openface/aligned-images/Barack Obama/864.png
2,/root/openface/aligned-images/Barack Obama/1741.png
2,/root/openface/aligned-images/Barack Obama/1339.png
2,/root/openface/aligned-images/Barack Obama/228.png
2,/root/openface/aligned-images/Barack Obama/594.png
2,/root/openface/aligned-images/Barack Obama/1507.png
2,/root/openface/aligned-images/Barack Obama/659.png
2,/root/openface/aligned-images/Barack Obama/1549.png
2,/root/openface/aligned-images/Barack Obama/2318.png
2,/root/openface/aligned-images/Barack Obama/425.png
2,/root/openface/aligned-images/Barack Obama/479.png
2,/root/openface/aligned-images/Barack Obama/18.png
2,/root/openface/aligned-images/Barack Obama/159.png
2,/root/openface/aligned-images/Barack Obama/1349.png
2,/root/openface/aligned-images/Barack Obama/90.png
2,/root/openface/aligned-images/Barack Obama/1215.png
2,/root/openface/aligned-images/Barack Obama/2336.png
2,/root/openface/aligned-images/Barack Obama/383.png
2,/root/openface/aligned-images/Barack Obama/1015.png
2,/root/openface/aligned-images/Barack Obama/1427.png
2,/root/openface/aligned-images/Barack Obama/1541.png
2,/root/openface/aligned-images/Barack Obama/1803.png
2,/root/openface/aligned-images/Barack Obama/1480.png
2,/root/openface/aligned-images/Barack Obama/367.png
2,/root/openface/aligned-images/Barack Obama/663.png
2,/root/openface/aligned-images/Barack Obama/1547.png
2,/root/openface/aligned-images/Barack Obama/725.png
2,/root/openface/aligned-images/Barack Obama/956.png
2,/root/openface/aligned-images/Barack Obama/1179.png
2,/root/openface/aligned-images/Barack Obama/544.png
2,/root/openface/aligned-images/Barack Obama/1262.png
2,/root/openface/aligned-images/Barack Obama/453.png
2,/root/openface/aligned-images/Barack Obama/1053.png
2,/root/openface/aligned-images/Barack Obama/844.png
2,/root/openface/aligned-images/Barack Obama/1120.png
2,/root/openface/aligned-images/Barack Obama/958.png
2,/root/openface/aligned-images/Barack Obama/496.png
2,/root/openface/aligned-images/Barack Obama/1429.png
2,/root/openface/aligned-images/Barack Obama/885.png
2,/root/openface/aligned-images/Barack Obama/0.png
2,/root/openface/aligned-images/Barack Obama/1826.png
2,/root/openface/aligned-images/Barack Obama/2317.png
2,/root/openface/aligned-images/Barack Obama/1136.png
2,/root/openface/aligned-images/Barack Obama/278.png
2,/root/openface/aligned-images/Barack Obama/706.png
2,/root/openface/aligned-images/Barack Obama/109.png
2,/root/openface/aligned-images/Barack Obama/2335.png
2,/root/openface/aligned-images/Barack Obama/1462.png
2,/root/openface/aligned-images/Barack Obama/1565.png
2,/root/openface/aligned-images/Barack Obama/392.png
2,/root/openface/aligned-images/Barack Obama/282.png
2,/root/openface/aligned-images/Barack Obama/915.png
2,/root/openface/aligned-images/Barack Obama/1464.png
2,/root/openface/aligned-images/Barack Obama/1233.png
2,/root/openface/aligned-images/Barack Obama/26.png
2,/root/openface/aligned-images/Barack Obama/538.png
2,/root/openface/aligned-images/Barack Obama/85.png
2,/root/openface/aligned-images/Barack Obama/939.png
2,/root/openface/aligned-images/Barack Obama/368.png
2,/root/openface/aligned-images/Barack Obama/474.png
2,/root/openface/aligned-images/Barack Obama/1484.png
2,/root/openface/aligned-images/Barack Obama/1182.png
2,/root/openface/aligned-images/Barack Obama/490.png
2,/root/openface/aligned-images/Barack Obama/765.png
2,/root/openface/aligned-images/Barack Obama/1506.png
2,/root/openface/aligned-images/Barack Obama/590.png
2,/root/openface/aligned-images/Barack Obama/376.png
2,/root/openface/aligned-images/Barack Obama/2332.png
2,/root/openface/aligned-images/Barack Obama/813.png
2,/root/openface/aligned-images/Barack Obama/469.png
2,/root/openface/aligned-images/Barack Obama/447.png
2,/root/openface/aligned-images/Barack Obama/872.png
2,/root/openface/aligned-images/Barack Obama/478.png
2,/root/openface/aligned-images/Barack Obama/116.png
2,/root/openface/aligned-images/Barack Obama/1223.png
2,/root/openface/aligned-images/Barack Obama/782.png
2,/root/openface/aligned-images/Barack Obama/25.png
2,/root/openface/aligned-images/Barack Obama/680.png
2,/root/openface/aligned-images/Barack Obama/1844.png
2,/root/openface/aligned-images/Barack Obama/1511.png
2,/root/openface/aligned-images/Barack Obama/913.png
2,/root/openface/aligned-images/Barack Obama/231.png
2,/root/openface/aligned-images/Barack Obama/931.png
2,/root/openface/aligned-images/Barack Obama/1766.png
2,/root/openface/aligned-images/Barack Obama/551.png
2,/root/openface/aligned-images/Barack Obama/203.png
2,/root/openface/aligned-images/Barack Obama/748.png
2,/root/openface/aligned-images/Barack Obama/372.png
2,/root/openface/aligned-images/Barack Obama/1303.png
2,/root/openface/aligned-images/Barack Obama/1426.png
2,/root/openface/aligned-images/Barack Obama/889.png
2,/root/openface/aligned-images/Barack Obama/989.png
2,/root/openface/aligned-images/Barack Obama/681.png
2,/root/openface/aligned-images/Barack Obama/505.png
2,/root/openface/aligned-images/Barack Obama/1379.png
2,/root/openface/aligned-images/Barack Obama/1176.png
2,/root/openface/aligned-images/Barack Obama/826.png
2,/root/openface/aligned-images/Barack Obama/1203.png
2,/root/openface/aligned-images/Barack Obama/1343.png
2,/root/openface/aligned-images/Barack Obama/454.png
2,/root/openface/aligned-images/Barack Obama/605.png
2,/root/openface/aligned-images/Barack Obama/2320.png
2,/root/openface/aligned-images/Barack Obama/767.png
2,/root/openface/aligned-images/Barack Obama/1207.png
2,/root/openface/aligned-images/Barack Obama/1516.png
2,/root/openface/aligned-images/Barack Obama/1493.png
2,/root/openface/aligned-images/Barack Obama/1173.png
2,/root/openface/aligned-images/Barack Obama/907.png
2,/root/openface/aligned-images/Barack Obama/922.png
2,/root/openface/aligned-images/Barack Obama/1912.png
2,/root/openface/aligned-images/Barack Obama/400.png
2,/root/openface/aligned-images/Barack Obama/1314.png
2,/root/openface/aligned-images/Barack Obama/1854.png
2,/root/openface/aligned-images/Barack Obama/1051.png
2,/root/openface/aligned-images/Barack Obama/1528.png
2,/root/openface/aligned-images/Barack Obama/313.png
2,/root/openface/aligned-images/Barack Obama/124.png
2,/root/openface/aligned-images/Barack Obama/206.png
2,/root/openface/aligned-images/Barack Obama/1064.png
2,/root/openface/aligned-images/Barack Obama/1325.png
2,/root/openface/aligned-images/Barack Obama/97.png
2,/root/openface/aligned-images/Barack Obama/255.png
2,/root/openface/aligned-images/Barack Obama/1525.png
2,/root/openface/aligned-images/Barack Obama/1755.png
2,/root/openface/aligned-images/Barack Obama/1126.png
2,/root/openface/aligned-images/Barack Obama/950.png
2,/root/openface/aligned-images/Barack Obama/1508.png
2,/root/openface/aligned-images/Barack Obama/571.png
2,/root/openface/aligned-images/Barack Obama/770.png
2,/root/openface/aligned-images/Barack Obama/1236.png
2,/root/openface/aligned-images/Barack Obama/562.png
2,/root/openface/aligned-images/Barack Obama/617.png
2,/root/openface/aligned-images/Barack Obama/365.png
2,/root/openface/aligned-images/Barack Obama/1276.png
2,/root/openface/aligned-images/Barack Obama/700.png
2,/root/openface/aligned-images/Barack Obama/777.png
2,/root/openface/aligned-images/Barack Obama/717.png
2,/root/openface/aligned-images/Barack Obama/1171.png
2,/root/openface/aligned-images/Barack Obama/1760.png
2,/root/openface/aligned-images/Barack Obama/41.png
2,/root/openface/aligned-images/Barack Obama/936.png
2,/root/openface/aligned-images/Barack Obama/2349.png
2,/root/openface/aligned-images/Barack Obama/876.png
2,/root/openface/aligned-images/Barack Obama/951.png
2,/root/openface/aligned-images/Barack Obama/1164.png
2,/root/openface/aligned-images/Barack Obama/2339.png
2,/root/openface/aligned-images/Barack Obama/508.png
2,/root/openface/aligned-images/Barack Obama/271.png
2,/root/openface/aligned-images/Barack Obama/948.png
2,/root/openface/aligned-images/Barack Obama/642.png
2,/root/openface/aligned-images/Barack Obama/1748.png
2,/root/openface/aligned-images/Barack Obama/1074.png
2,/root/openface/aligned-images/Barack Obama/1202.png
2,/root/openface/aligned-images/Barack Obama/579.png
2,/root/openface/aligned-images/Barack Obama/2324.png
2,/root/openface/aligned-images/Barack Obama/2333.png
2,/root/openface/aligned-images/Barack Obama/1160.png
2,/root/openface/aligned-images/Barack Obama/214.png
2,/root/openface/aligned-images/Barack Obama/1911.png
2,/root/openface/aligned-images/Barack Obama/1055.png
2,/root/openface/aligned-images/Barack Obama/406.png
2,/root/openface/aligned-images/Barack Obama/710.png
2,/root/openface/aligned-images/Barack Obama/1416.png
2,/root/openface/aligned-images/Barack Obama/128.png
2,/root/openface/aligned-images/Barack Obama/1403.png
2,/root/openface/aligned-images/Barack Obama/500.png
2,/root/openface/aligned-images/Barack Obama/1579.png
2,/root/openface/aligned-images/Barack Obama/1302.png
2,/root/openface/aligned-images/Barack Obama/1433.png
2,/root/openface/aligned-images/Barack Obama/753.png
2,/root/openface/aligned-images/Barack Obama/839.png
2,/root/openface/aligned-images/Barack Obama/1439.png
2,/root/openface/aligned-images/Barack Obama/779.png
2,/root/openface/aligned-images/Barack Obama/1195.png
2,/root/openface/aligned-images/Barack Obama/154.png
2,/root/openface/aligned-images/Barack Obama/555.png
2,/root/openface/aligned-images/Barack Obama/1009.png
2,/root/openface/aligned-images/Barack Obama/614.png
2,/root/openface/aligned-images/Barack Obama/1523.png
2,/root/openface/aligned-images/Barack Obama/178.png
2,/root/openface/aligned-images/Barack Obama/1364.png
2,/root/openface/aligned-images/Barack Obama/73.png
2,/root/openface/aligned-images/Barack Obama/145.png
2,/root/openface/aligned-images/Barack Obama/1331.png
2,/root/openface/aligned-images/Barack Obama/597.png
2,/root/openface/aligned-images/Barack Obama/1142.png
2,/root/openface/aligned-images/Barack Obama/580.png
2,/root/openface/aligned-images/Barack Obama/141.png
2,/root/openface/aligned-images/Barack Obama/1495.png
2,/root/openface/aligned-images/Barack Obama/763.png
2,/root/openface/aligned-images/Barack Obama/112.png
2,/root/openface/aligned-images/Barack Obama/674.png
2,/root/openface/aligned-images/Barack Obama/957.png
2,/root/openface/aligned-images/Barack Obama/1017.png
2,/root/openface/aligned-images/Barack Obama/1500.png
2,/root/openface/aligned-images/Barack Obama/1540.png
2,/root/openface/aligned-images/Barack Obama/675.png
2,/root/openface/aligned-images/Barack Obama/1212.png
2,/root/openface/aligned-images/Barack Obama/510.png
2,/root/openface/aligned-images/Barack Obama/1008.png
2,/root/openface/aligned-images/Barack Obama/517.png
2,/root/openface/aligned-images/Barack Obama/994.png
2,/root/openface/aligned-images/Barack Obama/1001.png
2,/root/openface/aligned-images/Barack Obama/715.png
2,/root/openface/aligned-images/Barack Obama/507.png
2,/root/openface/aligned-images/Barack Obama/1417.png
2,/root/openface/aligned-images/Barack Obama/113.png
2,/root/openface/aligned-images/Barack Obama/462.png
2,/root/openface/aligned-images/Barack Obama/1190.png
2,/root/openface/aligned-images/Barack Obama/1106.png
2,/root/openface/aligned-images/Barack Obama/140.png
2,/root/openface/aligned-images/Barack Obama/180.png
2,/root/openface/aligned-images/Barack Obama/733.png
2,/root/openface/aligned-images/Barack Obama/396.png
2,/root/openface/aligned-images/Barack Obama/602.png
2,/root/openface/aligned-images/Barack Obama/1518.png
2,/root/openface/aligned-images/Barack Obama/1224.png
2,/root/openface/aligned-images/Barack Obama/1519.png
2,/root/openface/aligned-images/Barack Obama/307.png
2,/root/openface/aligned-images/Barack Obama/1038.png
2,/root/openface/aligned-images/Barack Obama/749.png
2,/root/openface/aligned-images/Barack Obama/1758.png
2,/root/openface/aligned-images/Barack Obama/520.png
2,/root/openface/aligned-images/Barack Obama/1572.png
2,/root/openface/aligned-images/Barack Obama/1065.png
2,/root/openface/aligned-images/Barack Obama/1750.png
2,/root/openface/aligned-images/Barack Obama/1036.png
2,/root/openface/aligned-images/Barack Obama/1773.png
2,/root/openface/aligned-images/Barack Obama/1352.png
2,/root/openface/aligned-images/Barack Obama/504.png
2,/root/openface/aligned-images/Barack Obama/625.png
2,/root/openface/aligned-images/Barack Obama/1093.png
2,/root/openface/aligned-images/Barack Obama/1274.png
2,/root/openface/aligned-images/Barack Obama/452.png
2,/root/openface/aligned-images/Barack Obama/1809.png
2,/root/openface/aligned-images/Barack Obama/929.png
2,/root/openface/aligned-images/Barack Obama/1216.png
2,/root/openface/aligned-images/Barack Obama/966.png
2,/root/openface/aligned-images/Barack Obama/1763.png
2,/root/openface/aligned-images/Barack Obama/686.png
2,/root/openface/aligned-images/Barack Obama/585.png
2,/root/openface/aligned-images/Barack Obama/1806.png
2,/root/openface/aligned-images/Barack Obama/311.png
2,/root/openface/aligned-images/Barack Obama/616.png
2,/root/openface/aligned-images/Barack Obama/1740.png
2,/root/openface/aligned-images/Barack Obama/10.png
2,/root/openface/aligned-images/Barack Obama/1562.png
2,/root/openface/aligned-images/Barack Obama/934.png
2,/root/openface/aligned-images/Barack Obama/713.png
2,/root/openface/aligned-images/Barack Obama/1457.png
2,/root/openface/aligned-images/Barack Obama/1199.png
2,/root/openface/aligned-images/Barack Obama/172.png
2,/root/openface/aligned-images/Barack Obama/805.png
2,/root/openface/aligned-images/Barack Obama/359.png
2,/root/openface/aligned-images/Barack Obama/542.png
2,/root/openface/aligned-images/Barack Obama/1189.png
2,/root/openface/aligned-images/Barack Obama/699.png
2,/root/openface/aligned-images/Barack Obama/999.png
2,/root/openface/aligned-images/Barack Obama/88.png
2,/root/openface/aligned-images/Barack Obama/1578.png
2,/root/openface/aligned-images/Barack Obama/817.png
2,/root/openface/aligned-images/Barack Obama/182.png
2,/root/openface/aligned-images/Barack Obama/708.png
2,/root/openface/aligned-images/Barack Obama/912.png
2,/root/openface/aligned-images/Barack Obama/1832.png
2,/root/openface/aligned-images/Barack Obama/417.png
2,/root/openface/aligned-images/Barack Obama/430.png
2,/root/openface/aligned-images/Barack Obama/1556.png
2,/root/openface/aligned-images/Barack Obama/879.png
2,/root/openface/aligned-images/Barack Obama/835.png
2,/root/openface/aligned-images/Barack Obama/3.png
2,/root/openface/aligned-images/Barack Obama/19.png
2,/root/openface/aligned-images/Barack Obama/809.png
2,/root/openface/aligned-images/Barack Obama/12.png
2,/root/openface/aligned-images/Barack Obama/1783.png
2,/root/openface/aligned-images/Barack Obama/959.png
2,/root/openface/aligned-images/Barack Obama/1583.png
2,/root/openface/aligned-images/Barack Obama/639.png
2,/root/openface/aligned-images/Barack Obama/8.png
2,/root/openface/aligned-images/Barack Obama/1531.png
2,/root/openface/aligned-images/Barack Obama/1742.png
2,/root/openface/aligned-images/Barack Obama/1402.png
2,/root/openface/aligned-images/Barack Obama/1033.png
2,/root/openface/aligned-images/Barack Obama/418.png
2,/root/openface/aligned-images/Barack Obama/14.png
2,/root/openface/aligned-images/Barack Obama/215.png
2,/root/openface/aligned-images/Barack Obama/624.png
2,/root/openface/aligned-images/Barack Obama/1863.png
2,/root/openface/aligned-images/Barack Obama/1226.png
2,/root/openface/aligned-images/Barack Obama/575.png
2,/root/openface/aligned-images/Barack Obama/1810.png
2,/root/openface/aligned-images/Barack Obama/1185.png
2,/root/openface/aligned-images/Barack Obama/2345.png
2,/root/openface/aligned-images/Barack Obama/95.png
2,/root/openface/aligned-images/Barack Obama/482.png
2,/root/openface/aligned-images/Barack Obama/821.png
2,/root/openface/aligned-images/Barack Obama/402.png
2,/root/openface/aligned-images/Barack Obama/139.png
2,/root/openface/aligned-images/Barack Obama/658.png
2,/root/openface/aligned-images/Barack Obama/133.png
2,/root/openface/aligned-images/Barack Obama/1353.png
2,/root/openface/aligned-images/Barack Obama/1152.png
2,/root/openface/aligned-images/Barack Obama/1137.png
2,/root/openface/aligned-images/Barack Obama/1778.png
2,/root/openface/aligned-images/Barack Obama/975.png
2,/root/openface/aligned-images/Barack Obama/1917.png
2,/root/openface/aligned-images/Barack Obama/698.png
2,/root/openface/aligned-images/Barack Obama/1135.png
2,/root/openface/aligned-images/Barack Obama/1557.png
2,/root/openface/aligned-images/Barack Obama/693.png
2,/root/openface/aligned-images/Barack Obama/1816.png
2,/root/openface/aligned-images/Barack Obama/682.png
2,/root/openface/aligned-images/Barack Obama/55.png
2,/root/openface/aligned-images/Barack Obama/735.png
2,/root/openface/aligned-images/Barack Obama/759.png
2,/root/openface/aligned-images/Barack Obama/283.png
2,/root/openface/aligned-images/Barack Obama/1026.png
2,/root/openface/aligned-images/Barack Obama/1923.png
2,/root/openface/aligned-images/Barack Obama/1037.png
2,/root/openface/aligned-images/Barack Obama/940.png
2,/root/openface/aligned-images/Barack Obama/1316.png
2,/root/openface/aligned-images/Barack Obama/667.png
2,/root/openface/aligned-images/Barack Obama/1318.png
2,/root/openface/aligned-images/Barack Obama/1723.png
2,/root/openface/aligned-images/Barack Obama/431.png
2,/root/openface/aligned-images/Barack Obama/1101.png
2,/root/openface/aligned-images/Barack Obama/1581.png
2,/root/openface/aligned-images/Barack Obama/846.png
2,/root/openface/aligned-images/Barack Obama/1004.png
2,/root/openface/aligned-images/Barack Obama/176.png
2,/root/openface/aligned-images/Barack Obama/1808.png
2,/root/openface/aligned-images/Barack Obama/1330.png
2,/root/openface/aligned-images/Barack Obama/1.png
2,/root/openface/aligned-images/Barack Obama/904.png
2,/root/openface/aligned-images/Barack Obama/855.png
2,/root/openface/aligned-images/Barack Obama/485.png
2,/root/openface/aligned-images/Barack Obama/1023.png
2,/root/openface/aligned-images/Barack Obama/1759.png
2,/root/openface/aligned-images/Barack Obama/705.png
2,/root/openface/aligned-images/Barack Obama/1089.png
2,/root/openface/aligned-images/Barack Obama/1894.png
2,/root/openface/aligned-images/Barack Obama/1807.png
2,/root/openface/aligned-images/Barack Obama/1838.png
2,/root/openface/aligned-images/Barack Obama/1867.png
2,/root/openface/aligned-images/Barack Obama/919.png
2,/root/openface/aligned-images/Barack Obama/1798.png
2,/root/openface/aligned-images/Barack Obama/523.png
2,/root/openface/aligned-images/Barack Obama/413.png
2,/root/openface/aligned-images/Barack Obama/901.png
2,/root/openface/aligned-images/Barack Obama/548.png
2,/root/openface/aligned-images/Barack Obama/409.png
2,/root/openface/aligned-images/Barack Obama/1359.png
2,/root/openface/aligned-images/Barack Obama/1134.png
2,/root/openface/aligned-images/Barack Obama/1895.png
2,/root/openface/aligned-images/Barack Obama/321.png
2,/root/openface/aligned-images/Barack Obama/308.png
2,/root/openface/aligned-images/Barack Obama/600.png
2,/root/openface/aligned-images/Barack Obama/2321.png
2,/root/openface/aligned-images/Barack Obama/250.png
2,/root/openface/aligned-images/Barack Obama/644.png
2,/root/openface/aligned-images/Barack Obama/858.png
2,/root/openface/aligned-images/Barack Obama/1200.png
2,/root/openface/aligned-images/Barack Obama/1736.png
2,/root/openface/aligned-images/Barack Obama/419.png
2,/root/openface/aligned-images/Barack Obama/2334.png
2,/root/openface/aligned-images/Barack Obama/584.png
2,/root/openface/aligned-images/Barack Obama/574.png
2,/root/openface/aligned-images/Barack Obama/825.png
2,/root/openface/aligned-images/Barack Obama/22.png
2,/root/openface/aligned-images/Barack Obama/561.png
2,/root/openface/aligned-images/Barack Obama/1218.png
2,/root/openface/aligned-images/Barack Obama/533.png
2,/root/openface/aligned-images/Barack Obama/89.png
2,/root/openface/aligned-images/Barack Obama/153.png
2,/root/openface/aligned-images/Barack Obama/193.png
2,/root/openface/aligned-images/Barack Obama/963.png
2,/root/openface/aligned-images/Barack Obama/790.png
2,/root/openface/aligned-images/Barack Obama/798.png
2,/root/openface/aligned-images/Barack Obama/436.png
2,/root/openface/aligned-images/Barack Obama/1222.png
2,/root/openface/aligned-images/Barack Obama/684.png
2,/root/openface/aligned-images/Barack Obama/815.png
2,/root/openface/aligned-images/Barack Obama/1121.png
2,/root/openface/aligned-images/Barack Obama/1893.png
2,/root/openface/aligned-images/Barack Obama/1273.png
2,/root/openface/aligned-images/Barack Obama/80.png
2,/root/openface/aligned-images/Barack Obama/670.png
2,/root/openface/aligned-images/Barack Obama/1761.png
2,/root/openface/aligned-images/Barack Obama/1076.png
2,/root/openface/aligned-images/Barack Obama/158.png
2,/root/openface/aligned-images/Barack Obama/361.png
2,/root/openface/aligned-images/Barack Obama/1739.png
2,/root/openface/aligned-images/Barack Obama/1334.png
2,/root/openface/aligned-images/Barack Obama/689.png
3,/root/openface/aligned-images/Amr Diab/amr-diab12.png
3,/root/openface/aligned-images/Amr Diab/d34is0jsrc361j.cloudfront.net.png
3,/root/openface/aligned-images/Amr Diab/e41d9e25b0aa37d3cfa17962b608c0c0.png
3,/root/openface/aligned-images/Amr Diab/500full-amr-diab.png
3,/root/openface/aligned-images/Amr Diab/42530b4c-f2c6-41cb-a2b4-6449de947c7b.png
3,/root/openface/aligned-images/Amr Diab/t163749296-i1085319868_s400.png
3,/root/openface/aligned-images/Amr Diab/amr-diab-20-2605-8063868.png
3,/root/openface/aligned-images/Amr Diab/maxresdefault-2.png
3,/root/openface/aligned-images/Amr Diab/hqdefault.png
3,/root/openface/aligned-images/Amr Diab/amr-diab-yellow-fb.png
3,/root/openface/aligned-images/Amr Diab/المطرب-عمرو-دياب-400x400.png
3,/root/openface/aligned-images/Amr Diab/amr_diab01.png
3,/root/openface/aligned-images/Amr Diab/Amr-Diab-520x245.png
3,/root/openface/aligned-images/Amr Diab/8df286fc4873a3d742aed63804c10dd3.png
3,/root/openface/aligned-images/Amr Diab/maxresdefault.png
3,/root/openface/aligned-images/Amr Diab/4dyvdzoz92zkoz9y.png
3,/root/openface/aligned-images/Amr Diab/Tt3xxn-6.png
3,/root/openface/aligned-images/Amr Diab/8362148_640x640.png
3,/root/openface/aligned-images/Amr Diab/amr_diab_1.png
3,/root/openface/aligned-images/Amr Diab/melody4arab.com_Amr_Diab_6977.png
3,/root/openface/aligned-images/Amr Diab/a538f6fd-dfe5-4023-8cb0-73ea85d9b4b0.png
3,/root/openface/aligned-images/Amr Diab/200x200-000000-80-0-0.png
3,/root/openface/aligned-images/Amr Diab/artworks-000044463039-dti2y5-t500x500.png
4,/root/openface/aligned-images/Ching Y Suen/14976672_10210060492641846_5475291829872860314_o.png
4,/root/openface/aligned-images/Ching Y Suen/15134719_10210060493761874_354358201440912514_n.png
4,/root/openface/aligned-images/Ching Y Suen/15170952_10210060494561894_6906645721555815299_n.png
4,/root/openface/aligned-images/Ching Y Suen/15181372_10210060493521868_6269640524855298842_n.png
4,/root/openface/aligned-images/Ching Y Suen/15232249_10210060494041881_5414293222081698815_n.png
4,/root/openface/aligned-images/Ching Y Suen/15194497_10210060492601845_1104268077664953841_o.png
4,/root/openface/aligned-images/Ching Y Suen/15135852_10210060493241861_6798646117921891113_n.png
4,/root/openface/aligned-images/Ching Y Suen/15202575_10210060492681847_736663008013227399_n.png
4,/root/openface/aligned-images/Ching Y Suen/15181300_10210060493201860_7914902689714180214_n.png
5,/root/openface/aligned-images/Bill Gates/439.png
5,/root/openface/aligned-images/Bill Gates/282.png
5,/root/openface/aligned-images/Bill Gates/275.png
5,/root/openface/aligned-images/Bill Gates/187.png
5,/root/openface/aligned-images/Bill Gates/518.png
5,/root/openface/aligned-images/Bill Gates/170.png
5,/root/openface/aligned-images/Bill Gates/32.png
5,/root/openface/aligned-images/Bill Gates/97.png
5,/root/openface/aligned-images/Bill Gates/512.png
5,/root/openface/aligned-images/Bill Gates/63.png
5,/root/openface/aligned-images/Bill Gates/530.png
5,/root/openface/aligned-images/Bill Gates/621.png
5,/root/openface/aligned-images/Bill Gates/153.png
5,/root/openface/aligned-images/Bill Gates/78.png
5,/root/openface/aligned-images/Bill Gates/240.png
5,/root/openface/aligned-images/Bill Gates/345.png
5,/root/openface/aligned-images/Bill Gates/536.png
5,/root/openface/aligned-images/Bill Gates/451.png
5,/root/openface/aligned-images/Bill Gates/545.png
5,/root/openface/aligned-images/Bill Gates/131.png
5,/root/openface/aligned-images/Bill Gates/286.png
5,/root/openface/aligned-images/Bill Gates/494.png
5,/root/openface/aligned-images/Bill Gates/501.png
5,/root/openface/aligned-images/Bill Gates/531.png
5,/root/openface/aligned-images/Bill Gates/620.png
5,/root/openface/aligned-images/Bill Gates/385.png
5,/root/openface/aligned-images/Bill Gates/603.png
5,/root/openface/aligned-images/Bill Gates/534.png
5,/root/openface/aligned-images/Bill Gates/305.png
5,/root/openface/aligned-images/Bill Gates/368.png
5,/root/openface/aligned-images/Bill Gates/537.png
5,/root/openface/aligned-images/Bill Gates/5.png
5,/root/openface/aligned-images/Bill Gates/235.png
5,/root/openface/aligned-images/Bill Gates/351.png
5,/root/openface/aligned-images/Bill Gates/62.png
5,/root/openface/aligned-images/Bill Gates/94.png
5,/root/openface/aligned-images/Bill Gates/396.png
5,/root/openface/aligned-images/Bill Gates/517.png
5,/root/openface/aligned-images/Bill Gates/378.png
5,/root/openface/aligned-images/Bill Gates/18.png
5,/root/openface/aligned-images/Bill Gates/116.png
5,/root/openface/aligned-images/Bill Gates/333.png
5,/root/openface/aligned-images/Bill Gates/637.png
5,/root/openface/aligned-images/Bill Gates/403.png
5,/root/openface/aligned-images/Bill Gates/483.png
5,/root/openface/aligned-images/Bill Gates/328.png
5,/root/openface/aligned-images/Bill Gates/186.png
5,/root/openface/aligned-images/Bill Gates/179.png
5,/root/openface/aligned-images/Bill Gates/685.png
5,/root/openface/aligned-images/Bill Gates/496.png
5,/root/openface/aligned-images/Bill Gates/157.png
5,/root/openface/aligned-images/Bill Gates/491.png
5,/root/openface/aligned-images/Bill Gates/58.png
5,/root/openface/aligned-images/Bill Gates/347.png
5,/root/openface/aligned-images/Bill Gates/293.png
5,/root/openface/aligned-images/Bill Gates/273.png
5,/root/openface/aligned-images/Bill Gates/460.png
5,/root/openface/aligned-images/Bill Gates/423.png
5,/root/openface/aligned-images/Bill Gates/436.png
5,/root/openface/aligned-images/Bill Gates/88.png
5,/root/openface/aligned-images/Bill Gates/48.png
5,/root/openface/aligned-images/Bill Gates/535.png
5,/root/openface/aligned-images/Bill Gates/670.png
5,/root/openface/aligned-images/Bill Gates/477.png
5,/root/openface/aligned-images/Bill Gates/380.png
5,/root/openface/aligned-images/Bill Gates/680.png
5,/root/openface/aligned-images/Bill Gates/565.png
5,/root/openface/aligned-images/Bill Gates/159.png
5,/root/openface/aligned-images/Bill Gates/319.png
5,/root/openface/aligned-images/Bill Gates/404.png
5,/root/openface/aligned-images/Bill Gates/212.png
5,/root/openface/aligned-images/Bill Gates/245.png
5,/root/openface/aligned-images/Bill Gates/551.png
5,/root/openface/aligned-images/Bill Gates/194.png
5,/root/openface/aligned-images/Bill Gates/407.png
5,/root/openface/aligned-images/Bill Gates/12.png
5,/root/openface/aligned-images/Bill Gates/105.png
5,/root/openface/aligned-images/Bill Gates/192.png
5,/root/openface/aligned-images/Bill Gates/277.png
5,/root/openface/aligned-images/Bill Gates/365.png
5,/root/openface/aligned-images/Bill Gates/490.png
5,/root/openface/aligned-images/Bill Gates/522.png
5,/root/openface/aligned-images/Bill Gates/20.png
5,/root/openface/aligned-images/Bill Gates/89.png
5,/root/openface/aligned-images/Bill Gates/166.png
5,/root/openface/aligned-images/Bill Gates/311.png
5,/root/openface/aligned-images/Bill Gates/306.png
5,/root/openface/aligned-images/Bill Gates/96.png
5,/root/openface/aligned-images/Bill Gates/349.png
5,/root/openface/aligned-images/Bill Gates/3.png
5,/root/openface/aligned-images/Bill Gates/508.png
5,/root/openface/aligned-images/Bill Gates/298.png
5,/root/openface/aligned-images/Bill Gates/138.png
5,/root/openface/aligned-images/Bill Gates/550.png
5,/root/openface/aligned-images/Bill Gates/76.png
5,/root/openface/aligned-images/Bill Gates/124.png
5,/root/openface/aligned-images/Bill Gates/200.png
5,/root/openface/aligned-images/Bill Gates/509.png
5,/root/openface/aligned-images/Bill Gates/533.png
5,/root/openface/aligned-images/Bill Gates/80.png
5,/root/openface/aligned-images/Bill Gates/497.png
5,/root/openface/aligned-images/Bill Gates/201.png
5,/root/openface/aligned-images/Bill Gates/251.png
5,/root/openface/aligned-images/Bill Gates/526.png
5,/root/openface/aligned-images/Bill Gates/56.png
5,/root/openface/aligned-images/Bill Gates/433.png
5,/root/openface/aligned-images/Bill Gates/320.png
5,/root/openface/aligned-images/Bill Gates/410.png
5,/root/openface/aligned-images/Bill Gates/547.png
5,/root/openface/aligned-images/Bill Gates/525.png
5,/root/openface/aligned-images/Bill Gates/383.png
5,/root/openface/aligned-images/Bill Gates/463.png
5,/root/openface/aligned-images/Bill Gates/426.png
5,/root/openface/aligned-images/Bill Gates/425.png
5,/root/openface/aligned-images/Bill Gates/17.png
5,/root/openface/aligned-images/Bill Gates/450.png
5,/root/openface/aligned-images/Bill Gates/498.png
5,/root/openface/aligned-images/Bill Gates/609.png
5,/root/openface/aligned-images/Bill Gates/280.png
5,/root/openface/aligned-images/Bill Gates/587.png
5,/root/openface/aligned-images/Bill Gates/224.png
5,/root/openface/aligned-images/Bill Gates/493.png
5,/root/openface/aligned-images/Bill Gates/68.png
5,/root/openface/aligned-images/Bill Gates/375.png
5,/root/openface/aligned-images/Bill Gates/82.png
5,/root/openface/aligned-images/Bill Gates/326.png
5,/root/openface/aligned-images/Bill Gates/336.png
5,/root/openface/aligned-images/Bill Gates/136.png
5,/root/openface/aligned-images/Bill Gates/456.png
5,/root/openface/aligned-images/Bill Gates/1.png
5,/root/openface/aligned-images/Bill Gates/384.png
5,/root/openface/aligned-images/Bill Gates/238.png
5,/root/openface/aligned-images/Bill Gates/261.png
5,/root/openface/aligned-images/Bill Gates/93.png
5,/root/openface/aligned-images/Bill Gates/458.png
5,/root/openface/aligned-images/Bill Gates/54.png
5,/root/openface/aligned-images/Bill Gates/312.png
5,/root/openface/aligned-images/Bill Gates/38.png
5,/root/openface/aligned-images/Bill Gates/616.png
5,/root/openface/aligned-images/Bill Gates/90.png
5,/root/openface/aligned-images/Bill Gates/73.png
5,/root/openface/aligned-images/Bill Gates/341.png
5,/root/openface/aligned-images/Bill Gates/142.png
5,/root/openface/aligned-images/Bill Gates/470.png
5,/root/openface/aligned-images/Bill Gates/52.png
5,/root/openface/aligned-images/Bill Gates/690.png
5,/root/openface/aligned-images/Bill Gates/308.png
5,/root/openface/aligned-images/Bill Gates/657.png
5,/root/openface/aligned-images/Bill Gates/140.png
5,/root/openface/aligned-images/Bill Gates/256.png
5,/root/openface/aligned-images/Bill Gates/634.png
5,/root/openface/aligned-images/Bill Gates/184.png
5,/root/openface/aligned-images/Bill Gates/324.png
5,/root/openface/aligned-images/Bill Gates/47.png
5,/root/openface/aligned-images/Bill Gates/350.png
5,/root/openface/aligned-images/Bill Gates/176.png
5,/root/openface/aligned-images/Bill Gates/377.png
5,/root/openface/aligned-images/Bill Gates/352.png
5,/root/openface/aligned-images/Bill Gates/356.png
5,/root/openface/aligned-images/Bill Gates/203.png
5,/root/openface/aligned-images/Bill Gates/64.png
5,/root/openface/aligned-images/Bill Gates/653.png
5,/root/openface/aligned-images/Bill Gates/492.png
5,/root/openface/aligned-images/Bill Gates/431.png
5,/root/openface/aligned-images/Bill Gates/181.png
5,/root/openface/aligned-images/Bill Gates/548.png
5,/root/openface/aligned-images/Bill Gates/443.png
5,/root/openface/aligned-images/Bill Gates/647.png
5,/root/openface/aligned-images/Bill Gates/488.png
5,/root/openface/aligned-images/Bill Gates/354.png
5,/root/openface/aligned-images/Bill Gates/2.png
5,/root/openface/aligned-images/Bill Gates/134.png
5,/root/openface/aligned-images/Bill Gates/321.png
5,/root/openface/aligned-images/Bill Gates/590.png
5,/root/openface/aligned-images/Bill Gates/314.png
5,/root/openface/aligned-images/Bill Gates/34.png
5,/root/openface/aligned-images/Bill Gates/382.png
5,/root/openface/aligned-images/Bill Gates/148.png
5,/root/openface/aligned-images/Bill Gates/348.png
5,/root/openface/aligned-images/Bill Gates/687.png
5,/root/openface/aligned-images/Bill Gates/638.png
5,/root/openface/aligned-images/Bill Gates/371.png
5,/root/openface/aligned-images/Bill Gates/455.png
5,/root/openface/aligned-images/Bill Gates/322.png
5,/root/openface/aligned-images/Bill Gates/46.png
5,/root/openface/aligned-images/Bill Gates/167.png
5,/root/openface/aligned-images/Bill Gates/284.png
5,/root/openface/aligned-images/Bill Gates/65.png
5,/root/openface/aligned-images/Bill Gates/486.png
5,/root/openface/aligned-images/Bill Gates/8.png
5,/root/openface/aligned-images/Bill Gates/624.png
5,/root/openface/aligned-images/Bill Gates/250.png
5,/root/openface/aligned-images/Bill Gates/335.png
5,/root/openface/aligned-images/Bill Gates/229.png
5,/root/openface/aligned-images/Bill Gates/344.png
5,/root/openface/aligned-images/Bill Gates/532.png
5,/root/openface/aligned-images/Bill Gates/108.png
5,/root/openface/aligned-images/Bill Gates/476.png
5,/root/openface/aligned-images/Bill Gates/374.png
5,/root/openface/aligned-images/Bill Gates/196.png
5,/root/openface/aligned-images/Bill Gates/111.png
5,/root/openface/aligned-images/Bill Gates/50.png
5,/root/openface/aligned-images/Bill Gates/388.png
5,/root/openface/aligned-images/Bill Gates/36.png
5,/root/openface/aligned-images/Bill Gates/332.png
5,/root/openface/aligned-images/Bill Gates/151.png
5,/root/openface/aligned-images/Bill Gates/325.png
5,/root/openface/aligned-images/Bill Gates/133.png
5,/root/openface/aligned-images/Bill Gates/434.png
5,/root/openface/aligned-images/Bill Gates/193.png
5,/root/openface/aligned-images/Bill Gates/409.png
5,/root/openface/aligned-images/Bill Gates/684.png
5,/root/openface/aligned-images/Bill Gates/394.png
5,/root/openface/aligned-images/Bill Gates/295.png
5,/root/openface/aligned-images/Bill Gates/313.png
5,/root/openface/aligned-images/Bill Gates/61.png
5,/root/openface/aligned-images/Bill Gates/303.png
5,/root/openface/aligned-images/Bill Gates/169.png
5,/root/openface/aligned-images/Bill Gates/660.png
6,/root/openface/aligned-images/Jennifer Aniston/22-FaceId-0.png
6,/root/openface/aligned-images/Jennifer Aniston/73-FaceId-0.png
6,/root/openface/aligned-images/Jennifer Aniston/19-FaceId-0.png
6,/root/openface/aligned-images/Jennifer Aniston/16-FaceId-0.png
6,/root/openface/aligned-images/Jennifer Aniston/4-FaceId-0.png
6,/root/openface/aligned-images/Jennifer Aniston/15-FaceId-0.png
6,/root/openface/aligned-images/Jennifer Aniston/98-FaceId-0.png
6,/root/openface/aligned-images/Jennifer Aniston/104-FaceId-0.png
6,/root/openface/aligned-images/Jennifer Aniston/55-FaceId-0.png
6,/root/openface/aligned-images/Jennifer Aniston/120-FaceId-0.png
6,/root/openface/aligned-images/Jennifer Aniston/108-FaceId-0.png
6,/root/openface/aligned-images/Jennifer Aniston/122-FaceId-0.png
6,/root/openface/aligned-images/Jennifer Aniston/113-FaceId-0.png
6,/root/openface/aligned-images/Jennifer Aniston/6-FaceId-0.png
6,/root/openface/aligned-images/Jennifer Aniston/32-FaceId-0.png
6,/root/openface/aligned-images/Jennifer Aniston/12-FaceId-0.png
6,/root/openface/aligned-images/Jennifer Aniston/107-FaceId-0.png
6,/root/openface/aligned-images/Jennifer Aniston/67-FaceId-0.png
6,/root/openface/aligned-images/Jennifer Aniston/63-FaceId-0.png
6,/root/openface/aligned-images/Jennifer Aniston/86-FaceId-0.png
6,/root/openface/aligned-images/Jennifer Aniston/66-FaceId-0.png
6,/root/openface/aligned-images/Jennifer Aniston/29-FaceId-0.png
6,/root/openface/aligned-images/Jennifer Aniston/26-FaceId-0.png
6,/root/openface/aligned-images/Jennifer Aniston/38-FaceId-0.png
6,/root/openface/aligned-images/Jennifer Aniston/3-FaceId-0.png
6,/root/openface/aligned-images/Jennifer Aniston/49-FaceId-0.png
6,/root/openface/aligned-images/Jennifer Aniston/121-FaceId-0.png
6,/root/openface/aligned-images/Jennifer Aniston/17-FaceId-0.png
6,/root/openface/aligned-images/Jennifer Aniston/116-FaceId-0.png
6,/root/openface/aligned-images/Jennifer Aniston/124-FaceId-0.png
6,/root/openface/aligned-images/Jennifer Aniston/103-FaceId-0.png
6,/root/openface/aligned-images/Jennifer Aniston/14-FaceId-0.png
6,/root/openface/aligned-images/Jennifer Aniston/33-FaceId-0.png
6,/root/openface/aligned-images/Jennifer Aniston/60-FaceId-0.png
6,/root/openface/aligned-images/Jennifer Aniston/93-FaceId-0.png
6,/root/openface/aligned-images/Jennifer Aniston/45-FaceId-0.png
6,/root/openface/aligned-images/Jennifer Aniston/52-FaceId-0.png
6,/root/openface/aligned-images/Jennifer Aniston/28-FaceId-0.png
6,/root/openface/aligned-images/Jennifer Aniston/51-FaceId-0.png
6,/root/openface/aligned-images/Jennifer Aniston/129-FaceId-0.png
6,/root/openface/aligned-images/Jennifer Aniston/27-FaceId-0.png
6,/root/openface/aligned-images/Jennifer Aniston/42-FaceId-0.png
6,/root/openface/aligned-images/Jennifer Aniston/125-FaceId-0.png
6,/root/openface/aligned-images/Jennifer Aniston/94-FaceId-0.png
6,/root/openface/aligned-images/Jennifer Aniston/81-FaceId-0.png
6,/root/openface/aligned-images/Jennifer Aniston/82-FaceId-0.png
6,/root/openface/aligned-images/Jennifer Aniston/114-FaceId-0.png
6,/root/openface/aligned-images/Jennifer Aniston/65-FaceId-0.png
6,/root/openface/aligned-images/Jennifer Aniston/46-FaceId-0.png
6,/root/openface/aligned-images/Jennifer Aniston/50-FaceId-0.png
6,/root/openface/aligned-images/Jennifer Aniston/43-FaceId-0.png
6,/root/openface/aligned-images/Jennifer Aniston/72-FaceId-0.png
6,/root/openface/aligned-images/Jennifer Aniston/101-FaceId-0.png
6,/root/openface/aligned-images/Jennifer Aniston/79-FaceId-1.png
6,/root/openface/aligned-images/Jennifer Aniston/37-FaceId-0.png
6,/root/openface/aligned-images/Jennifer Aniston/128-FaceId-0.png
6,/root/openface/aligned-images/Jennifer Aniston/54-FaceId-0.png
6,/root/openface/aligned-images/Jennifer Aniston/0-FaceId-0.png
6,/root/openface/aligned-images/Jennifer Aniston/97-FaceId-0.png
6,/root/openface/aligned-images/Jennifer Aniston/18-FaceId-0.png
6,/root/openface/aligned-images/Jennifer Aniston/56-FaceId-0.png
6,/root/openface/aligned-images/Jennifer Aniston/80-FaceId-0.png
6,/root/openface/aligned-images/Jennifer Aniston/91-FaceId-0.png
6,/root/openface/aligned-images/Jennifer Aniston/112-FaceId-0.png
6,/root/openface/aligned-images/Jennifer Aniston/95-FaceId-0.png
6,/root/openface/aligned-images/Jennifer Aniston/25-FaceId-0.png
6,/root/openface/aligned-images/Jennifer Aniston/85-FaceId-0.png
6,/root/openface/aligned-images/Jennifer Aniston/115-FaceId-0.png
6,/root/openface/aligned-images/Jennifer Aniston/127-FaceId-0.png
6,/root/openface/aligned-images/Jennifer Aniston/99-FaceId-0.png
6,/root/openface/aligned-images/Jennifer Aniston/39-FaceId-0.png
6,/root/openface/aligned-images/Jennifer Aniston/31-FaceId-0.png
6,/root/openface/aligned-images/Jennifer Aniston/23-FaceId-0.png
6,/root/openface/aligned-images/Jennifer Aniston/88-FaceId-1.png
6,/root/openface/aligned-images/Jennifer Aniston/58-FaceId-0.png
6,/root/openface/aligned-images/Jennifer Aniston/41-FaceId-0.png
6,/root/openface/aligned-images/Jennifer Aniston/13-FaceId-0.png
6,/root/openface/aligned-images/Jennifer Aniston/111-FaceId-0.png
6,/root/openface/aligned-images/Jennifer Aniston/90-FaceId-0.png
6,/root/openface/aligned-images/Jennifer Aniston/96-FaceId-0.png
6,/root/openface/aligned-images/Jennifer Aniston/118-FaceId-0.png
6,/root/openface/aligned-images/Jennifer Aniston/77-FaceId-0.png
6,/root/openface/aligned-images/Jennifer Aniston/100-FaceId-0.png
6,/root/openface/aligned-images/Jennifer Aniston/61-FaceId-0.png
6,/root/openface/aligned-images/Jennifer Aniston/106-FaceId-0.png
6,/root/openface/aligned-images/Jennifer Aniston/30-FaceId-0.png
6,/root/openface/aligned-images/Jennifer Aniston/35-FaceId-0.png
6,/root/openface/aligned-images/Jennifer Aniston/5-FaceId-0.png
6,/root/openface/aligned-images/Jennifer Aniston/24-FaceId-0.png
6,/root/openface/aligned-images/Jennifer Aniston/9-FaceId-0.png
6,/root/openface/aligned-images/Jennifer Aniston/53-FaceId-0.png
6,/root/openface/aligned-images/Jennifer Aniston/57-FaceId-0.png
6,/root/openface/aligned-images/Jennifer Aniston/44-FaceId-0.png
6,/root/openface/aligned-images/Jennifer Aniston/78-FaceId-0.png
6,/root/openface/aligned-images/Jennifer Aniston/110-FaceId-0.png
6,/root/openface/aligned-images/Jennifer Aniston/119-FaceId-0.png
6,/root/openface/aligned-images/Jennifer Aniston/123-FaceId-0.png
6,/root/openface/aligned-images/Jennifer Aniston/21-FaceId-0.png
6,/root/openface/aligned-images/Jennifer Aniston/62-FaceId-0.png
6,/root/openface/aligned-images/Jennifer Aniston/105-FaceId-0.png
6,/root/openface/aligned-images/Jennifer Aniston/70-FaceId-0.png
6,/root/openface/aligned-images/Jennifer Aniston/8-FaceId-0.png
6,/root/openface/aligned-images/Jennifer Aniston/84-FaceId-0.png
6,/root/openface/aligned-images/Jennifer Aniston/2-FaceId-0.png
6,/root/openface/aligned-images/Jennifer Aniston/34-FaceId-0.png
6,/root/openface/aligned-images/Jennifer Aniston/130-FaceId-0.png
6,/root/openface/aligned-images/Jennifer Aniston/71-FaceId-0.png
6,/root/openface/aligned-images/Jennifer Aniston/20-FaceId-0.png
6,/root/openface/aligned-images/Jennifer Aniston/89-FaceId-0.png
7,/root/openface/aligned-images/Jennifer Lawrance/60-FaceId-0.png
7,/root/openface/aligned-images/Jennifer Lawrance/6-FaceId-0.png
7,/root/openface/aligned-images/Jennifer Lawrance/107-FaceId-0.png
7,/root/openface/aligned-images/Jennifer Lawrance/36-FaceId-0.png
7,/root/openface/aligned-images/Jennifer Lawrance/28-FaceId-0.png
7,/root/openface/aligned-images/Jennifer Lawrance/106-FaceId-0.png
7,/root/openface/aligned-images/Jennifer Lawrance/117-FaceId-0.png
7,/root/openface/aligned-images/Jennifer Lawrance/44-FaceId-0.png
7,/root/openface/aligned-images/Jennifer Lawrance/81-FaceId-0.png
7,/root/openface/aligned-images/Jennifer Lawrance/30-FaceId-0.png
7,/root/openface/aligned-images/Jennifer Lawrance/15-FaceId-0.png
7,/root/openface/aligned-images/Jennifer Lawrance/84-FaceId-0.png
7,/root/openface/aligned-images/Jennifer Lawrance/9-FaceId-0.png
7,/root/openface/aligned-images/Jennifer Lawrance/93-FaceId-0.png
7,/root/openface/aligned-images/Jennifer Lawrance/52-FaceId-0.png
7,/root/openface/aligned-images/Jennifer Lawrance/86-FaceId-0.png
7,/root/openface/aligned-images/Jennifer Lawrance/33-FaceId-0.png
7,/root/openface/aligned-images/Jennifer Lawrance/23-FaceId-0.png
7,/root/openface/aligned-images/Jennifer Lawrance/58-FaceId-0.png
7,/root/openface/aligned-images/Jennifer Lawrance/121-FaceId-0.png
7,/root/openface/aligned-images/Jennifer Lawrance/54-FaceId-0.png
7,/root/openface/aligned-images/Jennifer Lawrance/16-FaceId-0.png
7,/root/openface/aligned-images/Jennifer Lawrance/13-FaceId-0.png
7,/root/openface/aligned-images/Jennifer Lawrance/90-FaceId-0.png
7,/root/openface/aligned-images/Jennifer Lawrance/69-FaceId-0.png
7,/root/openface/aligned-images/Jennifer Lawrance/114-FaceId-0.png
7,/root/openface/aligned-images/Jennifer Lawrance/4-FaceId-0.png
7,/root/openface/aligned-images/Jennifer Lawrance/35-FaceId-0.png
7,/root/openface/aligned-images/Jennifer Lawrance/96-FaceId-0.png
7,/root/openface/aligned-images/Jennifer Lawrance/71-FaceId-0.png
7,/root/openface/aligned-images/Jennifer Lawrance/92-FaceId-0.png
7,/root/openface/aligned-images/Jennifer Lawrance/51-FaceId-0.png
7,/root/openface/aligned-images/Jennifer Lawrance/37-FaceId-0.png
7,/root/openface/aligned-images/Jennifer Lawrance/66-FaceId-0.png
7,/root/openface/aligned-images/Jennifer Lawrance/18-FaceId-0.png
7,/root/openface/aligned-images/Jennifer Lawrance/46-FaceId-0.png
7,/root/openface/aligned-images/Jennifer Lawrance/1-FaceId-0.png
7,/root/openface/aligned-images/Jennifer Lawrance/10-FaceId-0.png
7,/root/openface/aligned-images/Jennifer Lawrance/53-FaceId-0.png
7,/root/openface/aligned-images/Jennifer Lawrance/34-FaceId-0.png
7,/root/openface/aligned-images/Jennifer Lawrance/61-FaceId-0.png
7,/root/openface/aligned-images/Jennifer Lawrance/39-FaceId-0.png
7,/root/openface/aligned-images/Jennifer Lawrance/8-FaceId-0.png
7,/root/openface/aligned-images/Jennifer Lawrance/123-FaceId-0.png
7,/root/openface/aligned-images/Jennifer Lawrance/22-FaceId-0.png
7,/root/openface/aligned-images/Jennifer Lawrance/45-FaceId-0.png
7,/root/openface/aligned-images/Jennifer Lawrance/76-FaceId-0.png
7,/root/openface/aligned-images/Jennifer Lawrance/112-FaceId-0.png
7,/root/openface/aligned-images/Jennifer Lawrance/118-FaceId-0.png
7,/root/openface/aligned-images/Jennifer Lawrance/64-FaceId-0.png
7,/root/openface/aligned-images/Jennifer Lawrance/74-FaceId-0.png
7,/root/openface/aligned-images/Jennifer Lawrance/78-FaceId-0.png
7,/root/openface/aligned-images/Jennifer Lawrance/42-FaceId-0.png
7,/root/openface/aligned-images/Jennifer Lawrance/104-FaceId-0.png
7,/root/openface/aligned-images/Jennifer Lawrance/43-FaceId-0.png
7,/root/openface/aligned-images/Jennifer Lawrance/41-FaceId-0.png
7,/root/openface/aligned-images/Jennifer Lawrance/91-FaceId-0.png
7,/root/openface/aligned-images/Jennifer Lawrance/116-FaceId-0.png
7,/root/openface/aligned-images/Jennifer Lawrance/68-FaceId-0.png
7,/root/openface/aligned-images/Jennifer Lawrance/65-FaceId-0.png
7,/root/openface/aligned-images/Jennifer Lawrance/89-FaceId-0.png
7,/root/openface/aligned-images/Jennifer Lawrance/122-FaceId-0.png
7,/root/openface/aligned-images/Jennifer Lawrance/101-FaceId-0.png
7,/root/openface/aligned-images/Jennifer Lawrance/79-FaceId-0.png
7,/root/openface/aligned-images/Jennifer Lawrance/95-FaceId-0.png
7,/root/openface/aligned-images/Jennifer Lawrance/99-FaceId-0.png
7,/root/openface/aligned-images/Jennifer Lawrance/80-FaceId-0.png
7,/root/openface/aligned-images/Jennifer Lawrance/57-FaceId-0.png
7,/root/openface/aligned-images/Jennifer Lawrance/2-FaceId-0.png
7,/root/openface/aligned-images/Jennifer Lawrance/75-FaceId-0.png
7,/root/openface/aligned-images/Jennifer Lawrance/38-FaceId-0.png
7,/root/openface/aligned-images/Jennifer Lawrance/82-FaceId-0.png
7,/root/openface/aligned-images/Jennifer Lawrance/32-FaceId-0.png
7,/root/openface/aligned-images/Jennifer Lawrance/11-FaceId-1.png
7,/root/openface/aligned-images/Jennifer Lawrance/124-FaceId-0.png
7,/root/openface/aligned-images/Jennifer Lawrance/20-FaceId-0.png
7,/root/openface/aligned-images/Jennifer Lawrance/27-FaceId-0.png
7,/root/openface/aligned-images/Jennifer Lawrance/47-FaceId-0.png
7,/root/openface/aligned-images/Jennifer Lawrance/55-FaceId-0.png
7,/root/openface/aligned-images/Jennifer Lawrance/97-FaceId-0.png
7,/root/openface/aligned-images/Jennifer Lawrance/5-FaceId-0.png
7,/root/openface/aligned-images/Jennifer Lawrance/24-FaceId-0.png
7,/root/openface/aligned-images/Jennifer Lawrance/110-FaceId-0.png
7,/root/openface/aligned-images/Jennifer Lawrance/77-FaceId-0.png
7,/root/openface/aligned-images/Jennifer Lawrance/103-FaceId-0.png
7,/root/openface/aligned-images/Jennifer Lawrance/113-FaceId-0.png
7,/root/openface/aligned-images/Jennifer Lawrance/88-FaceId-0.png
7,/root/openface/aligned-images/Jennifer Lawrance/120-FaceId-0.png
7,/root/openface/aligned-images/Jennifer Lawrance/49-FaceId-0.png
7,/root/openface/aligned-images/Jennifer Lawrance/31-FaceId-0.png
7,/root/openface/aligned-images/Jennifer Lawrance/105-FaceId-0.png
7,/root/openface/aligned-images/Jennifer Lawrance/62-FaceId-0.png
7,/root/openface/aligned-images/Jennifer Lawrance/48-FaceId-0.png
7,/root/openface/aligned-images/Jennifer Lawrance/108-FaceId-0.png
7,/root/openface/aligned-images/Jennifer Lawrance/56-FaceId-0.png
7,/root/openface/aligned-images/Jennifer Lawrance/70-FaceId-0.png
7,/root/openface/aligned-images/Jennifer Lawrance/98-FaceId-0.png
7,/root/openface/aligned-images/Jennifer Lawrance/7-FaceId-0.png
7,/root/openface/aligned-images/Jennifer Lawrance/73-FaceId-0.png
7,/root/openface/aligned-images/Jennifer Lawrance/111-FaceId-0.png
7,/root/openface/aligned-images/Jennifer Lawrance/12-FaceId-0.png
7,/root/openface/aligned-images/Jennifer Lawrance/67-FaceId-0.png
7,/root/openface/aligned-images/Jennifer Lawrance/19-FaceId-0.png
7,/root/openface/aligned-images/Jennifer Lawrance/115-FaceId-0.png
7,/root/openface/aligned-images/Jennifer Lawrance/83-FaceId-0.png
7,/root/openface/aligned-images/Jennifer Lawrance/102-FaceId-0.png
7,/root/openface/aligned-images/Jennifer Lawrance/3-FaceId-0.png
7,/root/openface/aligned-images/Jennifer Lawrance/85-FaceId-0.png
7,/root/openface/aligned-images/Jennifer Lawrance/26-FaceId-0.png
7,/root/openface/aligned-images/Jennifer Lawrance/94-FaceId-0.png
7,/root/openface/aligned-images/Jennifer Lawrance/40-FaceId-0.png
8,/root/openface/aligned-images/Elias Haroun/16.png
8,/root/openface/aligned-images/Elias Haroun/3.png
8,/root/openface/aligned-images/Elias Haroun/18.png
8,/root/openface/aligned-images/Elias Haroun/17.png
8,/root/openface/aligned-images/Elias Haroun/1.png
8,/root/openface/aligned-images/Elias Haroun/11.png
8,/root/openface/aligned-images/Elias Haroun/14.png
8,/root/openface/aligned-images/Elias Haroun/4.png
8,/root/openface/aligned-images/Elias Haroun/8.png
8,/root/openface/aligned-images/Elias Haroun/9.png
8,/root/openface/aligned-images/Elias Haroun/19.png
8,/root/openface/aligned-images/Elias Haroun/7.png
8,/root/openface/aligned-images/Elias Haroun/10.png
8,/root/openface/aligned-images/Elias Haroun/5.png
8,/root/openface/aligned-images/Elias Haroun/13.png
8,/root/openface/aligned-images/Elias Haroun/2.png
8,/root/openface/aligned-images/Elias Haroun/20.png
8,/root/openface/aligned-images/Elias Haroun/22.png
8,/root/openface/aligned-images/Elias Haroun/6.png
8,/root/openface/aligned-images/Elias Haroun/21.png
8,/root/openface/aligned-images/Elias Haroun/12.png
8,/root/openface/aligned-images/Elias Haroun/15.png
9,/root/openface/aligned-images/Steve Jobs/212.png
9,/root/openface/aligned-images/Steve Jobs/327.png
9,/root/openface/aligned-images/Steve Jobs/209.png
9,/root/openface/aligned-images/Steve Jobs/40.png
9,/root/openface/aligned-images/Steve Jobs/248.png
9,/root/openface/aligned-images/Steve Jobs/299.png
9,/root/openface/aligned-images/Steve Jobs/26.png
9,/root/openface/aligned-images/Steve Jobs/284.png
9,/root/openface/aligned-images/Steve Jobs/320.png
9,/root/openface/aligned-images/Steve Jobs/16.png
9,/root/openface/aligned-images/Steve Jobs/92.png
9,/root/openface/aligned-images/Steve Jobs/339.png
9,/root/openface/aligned-images/Steve Jobs/359.png
9,/root/openface/aligned-images/Steve Jobs/413.png
9,/root/openface/aligned-images/Steve Jobs/507.png
9,/root/openface/aligned-images/Steve Jobs/296.png
9,/root/openface/aligned-images/Steve Jobs/409.png
9,/root/openface/aligned-images/Steve Jobs/408.png
9,/root/openface/aligned-images/Steve Jobs/368.png
9,/root/openface/aligned-images/Steve Jobs/89.png
9,/root/openface/aligned-images/Steve Jobs/374.png
9,/root/openface/aligned-images/Steve Jobs/112.png
9,/root/openface/aligned-images/Steve Jobs/32.png
9,/root/openface/aligned-images/Steve Jobs/182.png
9,/root/openface/aligned-images/Steve Jobs/95.png
9,/root/openface/aligned-images/Steve Jobs/412.png
9,/root/openface/aligned-images/Steve Jobs/251.png
9,/root/openface/aligned-images/Steve Jobs/171.png
9,/root/openface/aligned-images/Steve Jobs/134.png
9,/root/openface/aligned-images/Steve Jobs/233.png
9,/root/openface/aligned-images/Steve Jobs/340.png
9,/root/openface/aligned-images/Steve Jobs/142.png
9,/root/openface/aligned-images/Steve Jobs/55.png
9,/root/openface/aligned-images/Steve Jobs/111.png
9,/root/openface/aligned-images/Steve Jobs/220.png
9,/root/openface/aligned-images/Steve Jobs/300.png
9,/root/openface/aligned-images/Steve Jobs/139.png
9,/root/openface/aligned-images/Steve Jobs/274.png
9,/root/openface/aligned-images/Steve Jobs/253.png
9,/root/openface/aligned-images/Steve Jobs/70.png
9,/root/openface/aligned-images/Steve Jobs/460.png
9,/root/openface/aligned-images/Steve Jobs/93.png
9,/root/openface/aligned-images/Steve Jobs/103.png
9,/root/openface/aligned-images/Steve Jobs/210.png
9,/root/openface/aligned-images/Steve Jobs/286.png
9,/root/openface/aligned-images/Steve Jobs/277.png
9,/root/openface/aligned-images/Steve Jobs/68.png
9,/root/openface/aligned-images/Steve Jobs/157.png
9,/root/openface/aligned-images/Steve Jobs/10.png
9,/root/openface/aligned-images/Steve Jobs/58.png
9,/root/openface/aligned-images/Steve Jobs/439.png
9,/root/openface/aligned-images/Steve Jobs/358.png
9,/root/openface/aligned-images/Steve Jobs/9.png
9,/root/openface/aligned-images/Steve Jobs/149.png
9,/root/openface/aligned-images/Steve Jobs/268.png
9,/root/openface/aligned-images/Steve Jobs/77.png
9,/root/openface/aligned-images/Steve Jobs/351.png
9,/root/openface/aligned-images/Steve Jobs/493.png
9,/root/openface/aligned-images/Steve Jobs/263.png
9,/root/openface/aligned-images/Steve Jobs/301.png
9,/root/openface/aligned-images/Steve Jobs/249.png
9,/root/openface/aligned-images/Steve Jobs/529.png
9,/root/openface/aligned-images/Steve Jobs/80.png
9,/root/openface/aligned-images/Steve Jobs/36.png
9,/root/openface/aligned-images/Steve Jobs/193.png
9,/root/openface/aligned-images/Steve Jobs/225.png
9,/root/openface/aligned-images/Steve Jobs/143.png
9,/root/openface/aligned-images/Steve Jobs/169.png
9,/root/openface/aligned-images/Steve Jobs/150.png
9,/root/openface/aligned-images/Steve Jobs/204.png
9,/root/openface/aligned-images/Steve Jobs/314.png
9,/root/openface/aligned-images/Steve Jobs/19.png
9,/root/openface/aligned-images/Steve Jobs/326.png
9,/root/openface/aligned-images/Steve Jobs/179.png
9,/root/openface/aligned-images/Steve Jobs/79.png
9,/root/openface/aligned-images/Steve Jobs/132.png
9,/root/openface/aligned-images/Steve Jobs/165.png
9,/root/openface/aligned-images/Steve Jobs/388.png
9,/root/openface/aligned-images/Steve Jobs/370.png
9,/root/openface/aligned-images/Steve Jobs/377.png
9,/root/openface/aligned-images/Steve Jobs/175.png
9,/root/openface/aligned-images/Steve Jobs/482.png
9,/root/openface/aligned-images/Steve Jobs/345.png
9,/root/openface/aligned-images/Steve Jobs/59.png
9,/root/openface/aligned-images/Steve Jobs/506.png
9,/root/openface/aligned-images/Steve Jobs/525.png
9,/root/openface/aligned-images/Steve Jobs/28.png
9,/root/openface/aligned-images/Steve Jobs/146.png
9,/root/openface/aligned-images/Steve Jobs/273.png
9,/root/openface/aligned-images/Steve Jobs/122.png
9,/root/openface/aligned-images/Steve Jobs/527.png
9,/root/openface/aligned-images/Steve Jobs/338.png
9,/root/openface/aligned-images/Steve Jobs/207.png
9,/root/openface/aligned-images/Steve Jobs/269.png
9,/root/openface/aligned-images/Steve Jobs/317.png
9,/root/openface/aligned-images/Steve Jobs/83.png
9,/root/openface/aligned-images/Steve Jobs/0.png
9,/root/openface/aligned-images/Steve Jobs/252.png
9,/root/openface/aligned-images/Steve Jobs/23.png
9,/root/openface/aligned-images/Steve Jobs/461.png
9,/root/openface/aligned-images/Steve Jobs/290.png
9,/root/openface/aligned-images/Steve Jobs/119.png
9,/root/openface/aligned-images/Steve Jobs/90.png
10,/root/openface/aligned-images/Michelle Obama/256.png
10,/root/openface/aligned-images/Michelle Obama/162.png
10,/root/openface/aligned-images/Michelle Obama/MICHELLE-OBAMA-AT-GOVERNORS-DINNER.png
10,/root/openface/aligned-images/Michelle Obama/104.png
10,/root/openface/aligned-images/Michelle Obama/150.png
10,/root/openface/aligned-images/Michelle Obama/299.png
10,/root/openface/aligned-images/Michelle Obama/o-MICHELLE-OBAMA-DNC-facebook.png
10,/root/openface/aligned-images/Michelle Obama/302.png
10,/root/openface/aligned-images/Michelle Obama/149.png
10,/root/openface/aligned-images/Michelle Obama/107.png
10,/root/openface/aligned-images/Michelle Obama/207.png
10,/root/openface/aligned-images/Michelle Obama/259.png
10,/root/openface/aligned-images/Michelle Obama/292.png
10,/root/openface/aligned-images/Michelle Obama/52.png
10,/root/openface/aligned-images/Michelle Obama/87.png
10,/root/openface/aligned-images/Michelle Obama/66.png
10,/root/openface/aligned-images/Michelle Obama/michelle-obama-01-435.png
10,/root/openface/aligned-images/Michelle Obama/140.png
10,/root/openface/aligned-images/Michelle Obama/156.png
10,/root/openface/aligned-images/Michelle Obama/287.png
10,/root/openface/aligned-images/Michelle Obama/36.png
10,/root/openface/aligned-images/Michelle Obama/309.png
10,/root/openface/aligned-images/Michelle Obama/277.png
10,/root/openface/aligned-images/Michelle Obama/234.png
10,/root/openface/aligned-images/Michelle Obama/140324181958-orig-jag-obama-ireport-story-top.png
10,/root/openface/aligned-images/Michelle Obama/201.png
10,/root/openface/aligned-images/Michelle Obama/34.png
10,/root/openface/aligned-images/Michelle Obama/18.png
10,/root/openface/aligned-images/Michelle Obama/301.png
10,/root/openface/aligned-images/Michelle Obama/148.png
10,/root/openface/aligned-images/Michelle Obama/196.png
10,/root/openface/aligned-images/Michelle Obama/103.png
10,/root/openface/aligned-images/Michelle Obama/129.png
10,/root/openface/aligned-images/Michelle Obama/first_lady_portrait_hires.png
10,/root/openface/aligned-images/Michelle Obama/249.png
10,/root/openface/aligned-images/Michelle Obama/253.png
10,/root/openface/aligned-images/Michelle Obama/169.png
10,/root/openface/aligned-images/Michelle Obama/215.png
10,/root/openface/aligned-images/Michelle Obama/38.png
10,/root/openface/aligned-images/Michelle Obama/75.png
10,/root/openface/aligned-images/Michelle Obama/319.png
10,/root/openface/aligned-images/Michelle Obama/first-lady-michelle-obama.png
10,/root/openface/aligned-images/Michelle Obama/274.png
10,/root/openface/aligned-images/Michelle Obama/179.png
10,/root/openface/aligned-images/Michelle Obama/69.png
10,/root/openface/aligned-images/Michelle Obama/308.png
10,/root/openface/aligned-images/Michelle Obama/michelle-obama-3.png
10,/root/openface/aligned-images/Michelle Obama/174.png
10,/root/openface/aligned-images/Michelle Obama/84.png
10,/root/openface/aligned-images/Michelle Obama/70.png
10,/root/openface/aligned-images/Michelle Obama/255.png
10,/root/openface/aligned-images/Michelle Obama/216.png
10,/root/openface/aligned-images/Michelle Obama/161.png
10,/root/openface/aligned-images/Michelle Obama/194.png
10,/root/openface/aligned-images/Michelle Obama/281.png
10,/root/openface/aligned-images/Michelle Obama/240.png
10,/root/openface/aligned-images/Michelle Obama/177.png
10,/root/openface/aligned-images/Michelle Obama/20.png
10,/root/openface/aligned-images/Michelle Obama/155.png
10,/root/openface/aligned-images/Michelle Obama/2016-05-12-1463068419-8483431-michelleobamathumb.png
10,/root/openface/aligned-images/Michelle Obama/219.png
10,/root/openface/aligned-images/Michelle Obama/230.png
10,/root/openface/aligned-images/Michelle Obama/69520a5f2f7fc8e69064541fda9db91e.png
10,/root/openface/aligned-images/Michelle Obama/24.png
10,/root/openface/aligned-images/Michelle Obama/48.png
10,/root/openface/aligned-images/Michelle Obama/220.png
10,/root/openface/aligned-images/Michelle Obama/54.png
10,/root/openface/aligned-images/Michelle Obama/125.png
10,/root/openface/aligned-images/Michelle Obama/316.png
10,/root/openface/aligned-images/Michelle Obama/105.png
10,/root/openface/aligned-images/Michelle Obama/245.png
10,/root/openface/aligned-images/Michelle Obama/137.png
10,/root/openface/aligned-images/Michelle Obama/michelle-obama_416x416.png
10,/root/openface/aligned-images/Michelle Obama/111.png
10,/root/openface/aligned-images/Michelle Obama/3.png
10,/root/openface/aligned-images/Michelle Obama/151.png
10,/root/openface/aligned-images/Michelle Obama/176.png
10,/root/openface/aligned-images/Michelle Obama/158.png
10,/root/openface/aligned-images/Michelle Obama/172.png
10,/root/openface/aligned-images/Michelle Obama/122.png
10,/root/openface/aligned-images/Michelle Obama/michelle-obama-1024.png
10,/root/openface/aligned-images/Michelle Obama/55.png
10,/root/openface/aligned-images/Michelle Obama/217.png
10,/root/openface/aligned-images/Michelle Obama/214.png
10,/root/openface/aligned-images/Michelle Obama/264.png
10,/root/openface/aligned-images/Michelle Obama/138.png
10,/root/openface/aligned-images/Michelle Obama/92.png
10,/root/openface/aligned-images/Michelle Obama/89.png
10,/root/openface/aligned-images/Michelle Obama/51.png
10,/root/openface/aligned-images/Michelle Obama/1326442764749.cached.png
11,/root/openface/aligned-images/Hillary Clinton/nbc-cancels-hillary-clinton-miniseries.png
11,/root/openface/aligned-images/Hillary Clinton/Yzpg7CBGQMqzzFu0m8sN_Hillary_Rodham_Clinton-cropped.png
11,/root/openface/aligned-images/Hillary Clinton/ee60c9afaa535c53e5ee88be09f134473d6735a0d6e5ad380a18006039aff067_large.png
11,/root/openface/aligned-images/Hillary Clinton/GTY_hillary_clinton_kab_150508_16x9_992.png
11,/root/openface/aligned-images/Hillary Clinton/459273407_44913ea931_o.png
11,/root/openface/aligned-images/Hillary Clinton/76b9475c889a44e78bfae998263c977c_18.png
11,/root/openface/aligned-images/Hillary Clinton/o-HILLARY-CLINTON-CONFERENCE-facebook.png
11,/root/openface/aligned-images/Hillary Clinton/HillaryPresident0411151.png
11,/root/openface/aligned-images/Hillary Clinton/hillary-clinton-08-10.png
11,/root/openface/aligned-images/Hillary Clinton/23158392405_d3e3b60cb8_o.png
11,/root/openface/aligned-images/Hillary Clinton/MTE4MDAzNDEwMDU4NTc3NDIy.png
11,/root/openface/aligned-images/Hillary Clinton/hillary_2.png
11,/root/openface/aligned-images/Hillary Clinton/2016-03-31-1459468245-7773479-HillaryClinton.png
11,/root/openface/aligned-images/Hillary Clinton/Hilary-Clinton.png
11,/root/openface/aligned-images/Hillary Clinton/Hillary-Clinton.png
11,/root/openface/aligned-images/Hillary Clinton/Hillary-USNews.png
11,/root/openface/aligned-images/Hillary Clinton/hillary-clinton-thumbs-up.png
11,/root/openface/aligned-images/Hillary Clinton/160108103530-hillary-clinton-january-7-2015-large-169.png
11,/root/openface/aligned-images/Hillary Clinton/14674735211.png
11,/root/openface/aligned-images/Hillary Clinton/Hillary_Clinton_official_Secretary_of_State_portrait_crop.png
11,/root/openface/aligned-images/Hillary Clinton/2701a6d0-clinton-4x3.png
11,/root/openface/aligned-images/Hillary Clinton/7744803_G.png
11,/root/openface/aligned-images/Hillary Clinton/Cassidy-The-Challenge-Facing-Hillary-1200.png
11,/root/openface/aligned-images/Hillary Clinton/150526_HillaryClinton-1250x650.png
12,/root/openface/aligned-images/Justin Bieber/25-FaceId-0.png
12,/root/openface/aligned-images/Justin Bieber/62-FaceId-0.png
12,/root/openface/aligned-images/Justin Bieber/88-FaceId-0.png
12,/root/openface/aligned-images/Justin Bieber/115-FaceId-0.png
12,/root/openface/aligned-images/Justin Bieber/103-FaceId-0.png
12,/root/openface/aligned-images/Justin Bieber/36-FaceId-0.png
12,/root/openface/aligned-images/Justin Bieber/111-FaceId-0.png
12,/root/openface/aligned-images/Justin Bieber/35-FaceId-0.png
12,/root/openface/aligned-images/Justin Bieber/14-FaceId-0.png
12,/root/openface/aligned-images/Justin Bieber/102-FaceId-0.png
12,/root/openface/aligned-images/Justin Bieber/83-FaceId-0.png
12,/root/openface/aligned-images/Justin Bieber/74-FaceId-0.png
12,/root/openface/aligned-images/Justin Bieber/55-FaceId-0.png
12,/root/openface/aligned-images/Justin Bieber/45-FaceId-0.png
12,/root/openface/aligned-images/Justin Bieber/7-FaceId-0.png
12,/root/openface/aligned-images/Justin Bieber/82-FaceId-0.png
12,/root/openface/aligned-images/Justin Bieber/116-FaceId-0.png
12,/root/openface/aligned-images/Justin Bieber/114-FaceId-0.png
12,/root/openface/aligned-images/Justin Bieber/48-FaceId-0.png
12,/root/openface/aligned-images/Justin Bieber/76-FaceId-0.png
12,/root/openface/aligned-images/Justin Bieber/37-FaceId-0.png
12,/root/openface/aligned-images/Justin Bieber/49-FaceId-0.png
12,/root/openface/aligned-images/Justin Bieber/128-FaceId-0.png
12,/root/openface/aligned-images/Justin Bieber/122-FaceId-0.png
12,/root/openface/aligned-images/Justin Bieber/117-FaceId-0.png
12,/root/openface/aligned-images/Justin Bieber/13-FaceId-0.png
12,/root/openface/aligned-images/Justin Bieber/105-FaceId-0.png
12,/root/openface/aligned-images/Justin Bieber/125-FaceId-0.png
12,/root/openface/aligned-images/Justin Bieber/93-FaceId-0.png
12,/root/openface/aligned-images/Justin Bieber/123-FaceId-0.png
12,/root/openface/aligned-images/Justin Bieber/90-FaceId-0.png
12,/root/openface/aligned-images/Justin Bieber/56-FaceId-0.png
12,/root/openface/aligned-images/Justin Bieber/46-FaceId-0.png
12,/root/openface/aligned-images/Justin Bieber/10-FaceId-0.png
12,/root/openface/aligned-images/Justin Bieber/50-FaceId-0.png
12,/root/openface/aligned-images/Justin Bieber/106-FaceId-0.png
12,/root/openface/aligned-images/Justin Bieber/23-FaceId-0.png
12,/root/openface/aligned-images/Justin Bieber/58-FaceId-0.png
12,/root/openface/aligned-images/Justin Bieber/126-FaceId-0.png
12,/root/openface/aligned-images/Justin Bieber/112-FaceId-0.png
12,/root/openface/aligned-images/Justin Bieber/77-FaceId-0.png
12,/root/openface/aligned-images/Justin Bieber/21-FaceId-0.png
12,/root/openface/aligned-images/Justin Bieber/97-FaceId-0.png
12,/root/openface/aligned-images/Justin Bieber/124-FaceId-0.png
12,/root/openface/aligned-images/Justin Bieber/63-FaceId-0.png
12,/root/openface/aligned-images/Justin Bieber/53-FaceId-0.png
12,/root/openface/aligned-images/Justin Bieber/70-FaceId-0.png
12,/root/openface/aligned-images/Justin Bieber/65-FaceId-0.png
12,/root/openface/aligned-images/Justin Bieber/72-FaceId-0.png
12,/root/openface/aligned-images/Justin Bieber/31-FaceId-0.png
12,/root/openface/aligned-images/Justin Bieber/28-FaceId-0.png
12,/root/openface/aligned-images/Justin Bieber/118-FaceId-0.png
12,/root/openface/aligned-images/Justin Bieber/96-FaceId-0.png
12,/root/openface/aligned-images/Justin Bieber/119-FaceId-0.png
12,/root/openface/aligned-images/Justin Bieber/85-FaceId-0.png
12,/root/openface/aligned-images/Justin Bieber/68-FaceId-0.png
12,/root/openface/aligned-images/Justin Bieber/66-FaceId-0.png
12,/root/openface/aligned-images/Justin Bieber/107-FaceId-0.png
12,/root/openface/aligned-images/Justin Bieber/86-FaceId-0.png
12,/root/openface/aligned-images/Justin Bieber/32-FaceId-0.png
12,/root/openface/aligned-images/Justin Bieber/98-FaceId-0.png
12,/root/openface/aligned-images/Justin Bieber/2-FaceId-0.png
12,/root/openface/aligned-images/Justin Bieber/19-FaceId-0.png
12,/root/openface/aligned-images/Justin Bieber/24-FaceId-0.png
12,/root/openface/aligned-images/Justin Bieber/42-FaceId-0.png
12,/root/openface/aligned-images/Justin Bieber/61-FaceId-0.png
12,/root/openface/aligned-images/Justin Bieber/4-FaceId-0.png
12,/root/openface/aligned-images/Justin Bieber/8-FaceId-0.png
12,/root/openface/aligned-images/Justin Bieber/94-FaceId-0.png
12,/root/openface/aligned-images/Justin Bieber/64-FaceId-0.png
12,/root/openface/aligned-images/Justin Bieber/95-FaceId-0.png
12,/root/openface/aligned-images/Justin Bieber/41-FaceId-0.png
12,/root/openface/aligned-images/Justin Bieber/9-FaceId-0.png
12,/root/openface/aligned-images/Justin Bieber/101-FaceId-0.png
12,/root/openface/aligned-images/Justin Bieber/17-FaceId-0.png
12,/root/openface/aligned-images/Justin Bieber/109-FaceId-0.png
12,/root/openface/aligned-images/Justin Bieber/54-FaceId-0.png
12,/root/openface/aligned-images/Justin Bieber/79-FaceId-0.png
12,/root/openface/aligned-images/Justin Bieber/89-FaceId-0.png
12,/root/openface/aligned-images/Justin Bieber/27-FaceId-0.png
12,/root/openface/aligned-images/Justin Bieber/47-FaceId-0.png
12,/root/openface/aligned-images/Justin Bieber/78-FaceId-0.png
12,/root/openface/aligned-images/Justin Bieber/113-FaceId-0.png
12,/root/openface/aligned-images/Justin Bieber/38-FaceId-0.png
12,/root/openface/aligned-images/Justin Bieber/87-FaceId-0.png
12,/root/openface/aligned-images/Justin Bieber/52-FaceId-0.png
12,/root/openface/aligned-images/Justin Bieber/11-FaceId-0.png
12,/root/openface/aligned-images/Justin Bieber/20-FaceId-0.png
12,/root/openface/aligned-images/Justin Bieber/132-FaceId-0.png
12,/root/openface/aligned-images/Justin Bieber/18-FaceId-0.png
12,/root/openface/aligned-images/Justin Bieber/26-FaceId-0.png
12,/root/openface/aligned-images/Justin Bieber/81-FaceId-0.png
12,/root/openface/aligned-images/Justin Bieber/84-FaceId-0.png
12,/root/openface/aligned-images/Justin Bieber/33-FaceId-0.png
12,/root/openface/aligned-images/Justin Bieber/127-FaceId-0.png
12,/root/openface/aligned-images/Justin Bieber/51-FaceId-0.png
12,/root/openface/aligned-images/Justin Bieber/15-FaceId-0.png
12,/root/openface/aligned-images/Justin Bieber/75-FaceId-0.png
12,/root/openface/aligned-images/Justin Bieber/71-FaceId-0.png
12,/root/openface/aligned-images/Justin Bieber/43-FaceId-0.png
12,/root/openface/aligned-images/Justin Bieber/12-FaceId-0.png
12,/root/openface/aligned-images/Justin Bieber/29-FaceId-0.png
12,/root/openface/aligned-images/Justin Bieber/44-FaceId-0.png
12,/root/openface/aligned-images/Justin Bieber/5-FaceId-0.png
12,/root/openface/aligned-images/Justin Bieber/104-FaceId-0.png
12,/root/openface/aligned-images/Justin Bieber/131-FaceId-0.png
12,/root/openface/aligned-images/Justin Bieber/91-FaceId-0.png
12,/root/openface/aligned-images/Justin Bieber/130-FaceId-0.png
12,/root/openface/aligned-images/Justin Bieber/30-FaceId-0.png
12,/root/openface/aligned-images/Justin Bieber/100-FaceId-0.png
12,/root/openface/aligned-images/Justin Bieber/0-FaceId-0.png
12,/root/openface/aligned-images/Justin Bieber/3-FaceId-0.png
12,/root/openface/aligned-images/Justin Bieber/57-FaceId-0.png
12,/root/openface/aligned-images/Justin Bieber/16-FaceId-0.png
12,/root/openface/aligned-images/Justin Bieber/1-FaceId-0.png
12,/root/openface/aligned-images/Justin Bieber/92-FaceId-0.png
12,/root/openface/aligned-images/Justin Bieber/60-FaceId-0.png
12,/root/openface/aligned-images/Justin Bieber/69-FaceId-0.png
12,/root/openface/aligned-images/Justin Bieber/110-FaceId-0.png
